id                 , conversionvalue , number of engagement , name
00QIw000002w07CMAQ , 0               , 10                   , dgsaygdfgvsauy
00QIw000002k4vmMAA , 0               , 10                   , ab cd
00QIw000001BqYIMA0 , 0               , 10                   , Mike Braund
00QIw000001BqYFMA0 , 0               , 10                   , Bertha Boxer
00QIw000001BqYGMA0 , 0               , 10                   , Phyllis Cotton
00QIw000001BqYHMA0 , 0               , 10                   , Jeff Glimpse
00QIw000001BqYJMA0 , 0               , 10                   , Patricia Feager
00QIw000001BqYKMA0 , 0               , 10                   , Brenda Mcclure
00QIw000001BqYLMA0 , 0               , 10                   , Violet Maccleod
00QIw000001BqYMMA0 , 0               , 10                   , Kathy Snyder
00QIw000001BqYNMA0 , 0               , 10                   , Tom James
00QIw000001BqYOMA0 , 0               , 10                   , Shelly Brownell
00QIw000001BqYPMA0 , 0               , 10                   , Pamela Owenby
00QIw000001BqYQMA0 , 0               , 10                   , Norm May
00QIw000001BqYRMA0 , 0               , 10                   , Pat Stumuller
00QIw000001BqYSMA0 , 0               , 10                   , Andy Young
00QIw000001BqYTMA0 , 0               , 10                   , Kristen Akin
00QIw000001BqYUMA0 , 0               , 10                   , David Monaco
00QIw000001BqYVMA0 , 0               , 10                   , Carolyn Crenshaw
00QIw000001BqYWMA0 , 0               , 10                   , Jack Rogers
00QIw000001BqYXMA0 , 0               , 10                   , Bill Dadio Jr
00QIw000001BqYYMA0 , 0               , 10                   , Eugena Luce
00QIw000001BqYZMA0 , 0               , 10                   , Sandra Eberhard
00QIw000001BqYaMAK , 0               , 10                   , Betty Bair
00QIw000002fxFQMAY , 1               , 100                  , a b
00QIw000002fxFLMAY , 0               , 10                   , a b
00QIw000002K3BkMAK , 1               , 100                  , Big Spender
